{"cameraMode":{"drawMode":0,"name":"Shaded","section":"Shading Mode"},"sceneLighting":true,"audioPlay":false,"sceneViewState":{"showFog":true,"showMaterialUpdate":true,"showSkybox":true,"showFlares":true,"showImageEffects":true,"showParticleSystems":true},"in2DMode":false,"pivot":{"x":-27.63264274597168,"y":157.31817626953126,"z":77.36417388916016},"rotation":{"x":-0.2925829291343689,"y":-0.4096607565879822,"z":0.14070065319538117,"w":-0.8526790142059326},"size":126.5333480834961,"orthographic":false}