{"cameraMode":{"drawMode":0,"name":"Shaded","section":"Shading Mode"},"sceneLighting":false,"audioPlay":false,"sceneViewState":{"showFog":true,"showMaterialUpdate":true,"showSkybox":true,"showFlares":true,"showImageEffects":true,"showParticleSystems":true},"in2DMode":false,"pivot":{"x":26.34929656982422,"y":13.64453125,"z":13.613143920898438},"rotation":{"x":-0.10659172385931015,"y":-0.8902965188026428,"z":0.35013240575790408,"w":-0.27101799845695498},"size":75.5541000366211,"orthographic":false}