{"cameraMode":{"drawMode":0,"name":"Shaded","section":"Shading Mode"},"sceneLighting":false,"audioPlay":false,"sceneViewState":{"showFog":true,"showMaterialUpdate":true,"showSkybox":false,"showFlares":true,"showImageEffects":true,"showParticleSystems":true},"in2DMode":false,"pivot":{"x":30.34000015258789,"y":106.6500015258789,"z":-25.6299991607666},"rotation":{"x":-0.22211386263370515,"y":-0.7545774579048157,"z":0.3168856203556061,"w":-0.5319659113883972},"size":52.28183364868164,"orthographic":false}