{"cameraMode":{"drawMode":0,"name":"Shaded","section":"Shading Mode"},"sceneLighting":false,"audioPlay":false,"sceneViewState":{"showFog":true,"showMaterialUpdate":true,"showSkybox":true,"showFlares":true,"showImageEffects":true,"showParticleSystems":true},"in2DMode":false,"pivot":{"x":657.49072265625,"y":-686.9038696289063,"z":-268.7791748046875},"rotation":{"x":0.006552634295076132,"y":0.9465163350105286,"z":-0.3230224847793579,"w":0.028448671102523805},"size":119.47466278076172,"orthographic":false}