{"cameraMode":{"drawMode":0,"name":"Shaded","section":"Shading Mode"},"sceneLighting":false,"audioPlay":false,"sceneViewState":{"showFog":true,"showMaterialUpdate":true,"showSkybox":false,"showFlares":true,"showImageEffects":true,"showParticleSystems":true},"in2DMode":false,"pivot":{"x":1089.308837890625,"y":486.27545166015627,"z":141.9344482421875},"rotation":{"x":0.07035727798938751,"y":-0.050854846835136417,"z":0.003557120217010379,"w":0.9962860345840454},"size":1400.529296875,"orthographic":false}