{"cameraMode":{"drawMode":0,"name":"Shaded","section":"Shading Mode"},"sceneLighting":false,"audioPlay":false,"sceneViewState":{"showFog":true,"showMaterialUpdate":true,"showSkybox":true,"showFlares":true,"showImageEffects":true,"showParticleSystems":true},"in2DMode":false,"pivot":{"x":-10.566798210144043,"y":-44.334632873535159,"z":-80.61314392089844},"rotation":{"x":0.007818653248250485,"y":-0.9758519530296326,"z":0.20918424427509309,"w":0.07340686768293381},"size":78.25511932373047,"orthographic":false}