{"cameraMode":{"drawMode":0,"name":"Shaded","section":"Shading Mode"},"sceneLighting":true,"audioPlay":false,"sceneViewState":{"showFog":true,"showMaterialUpdate":true,"showSkybox":true,"showFlares":true,"showImageEffects":true,"showParticleSystems":true},"in2DMode":false,"pivot":{"x":48.873313903808597,"y":388.24542236328127,"z":72.18867492675781},"rotation":{"x":-0.35894975066185,"y":-0.2898987829685211,"z":0.1494957059621811,"w":-0.876741349697113},"size":416.6407165527344,"orthographic":false}