{"cameraMode":{"drawMode":0,"name":"Shaded","section":"Shading Mode"},"sceneLighting":true,"audioPlay":false,"sceneViewState":{"showFog":true,"showMaterialUpdate":true,"showSkybox":true,"showFlares":true,"showImageEffects":true,"showParticleSystems":true},"in2DMode":false,"pivot":{"x":-148.6761932373047,"y":17.768888473510743,"z":-109.88793182373047},"rotation":{"x":-0.11921849101781845,"y":0.8072494268417358,"z":-0.17468208074569703,"w":-0.5518226623535156},"size":248.56153869628907,"orthographic":false}