{"cameraMode":{"drawMode":0,"name":"Shaded","section":"Shading Mode"},"sceneLighting":true,"audioPlay":false,"sceneViewState":{"showFog":true,"showMaterialUpdate":true,"showSkybox":true,"showFlares":true,"showImageEffects":true,"showParticleSystems":true},"in2DMode":false,"pivot":{"x":-1.6896684169769288,"y":173.54014587402345,"z":-90.3928451538086},"rotation":{"x":0.40893512964248659,"y":-0.03166656568646431,"z":0.030305486172437669,"w":0.9134652018547058},"size":66.97480010986328,"orthographic":false}