{"cameraMode":{"drawMode":0,"name":"Shaded","section":"Shading Mode"},"sceneLighting":true,"audioPlay":false,"sceneViewState":{"showFog":true,"showMaterialUpdate":true,"showSkybox":true,"showFlares":true,"showImageEffects":true,"showParticleSystems":true},"in2DMode":false,"pivot":{"x":31.374629974365236,"y":-0.33450961112976076,"z":-13.149473190307618},"rotation":{"x":0.10839743167161942,"y":0.4921722710132599,"z":-0.06308257579803467,"w":0.8618407845497131},"size":14.90572452545166,"orthographic":false}