{"cameraMode":{"drawMode":0,"name":"Shaded","section":"Shading Mode"},"sceneLighting":false,"audioPlay":false,"sceneViewState":{"showFog":true,"showMaterialUpdate":true,"showSkybox":true,"showFlares":true,"showImageEffects":true,"showParticleSystems":true},"in2DMode":false,"pivot":{"x":974.9544677734375,"y":-553.1953735351563,"z":-50.08557891845703},"rotation":{"x":0.29015663266181948,"y":0.45318374037742617,"z":-0.15479210019111634,"w":0.8306536674499512},"size":40.64515686035156,"orthographic":false}