{"cameraMode":{"drawMode":0,"name":"Shaded","section":"Shading Mode"},"sceneLighting":false,"audioPlay":false,"sceneViewState":{"showFog":true,"showMaterialUpdate":true,"showSkybox":false,"showFlares":true,"showImageEffects":true,"showParticleSystems":true},"in2DMode":false,"pivot":{"x":933.3121337890625,"y":607.7943115234375,"z":143.30531311035157},"rotation":{"x":0.07035727798938751,"y":-0.050854846835136417,"z":0.003557120217010379,"w":0.9962860345840454},"size":1528.620849609375,"orthographic":false}