{"cameraMode":{"drawMode":0,"name":"Shaded","section":"Shading Mode"},"sceneLighting":false,"audioPlay":false,"sceneViewState":{"showFog":true,"showMaterialUpdate":true,"showSkybox":true,"showFlares":true,"showImageEffects":true,"showParticleSystems":true},"in2DMode":false,"pivot":{"x":26.01765251159668,"y":-22.595455169677736,"z":71.0633316040039},"rotation":{"x":-0.12501977384090424,"y":-0.28355690836906435,"z":0.03177696466445923,"w":-0.9528486728668213},"size":109.78720092773438,"orthographic":false}