{"cameraMode":{"drawMode":0,"name":"Shaded","section":"Shading Mode"},"sceneLighting":true,"audioPlay":false,"sceneViewState":{"showFog":true,"showMaterialUpdate":true,"showSkybox":true,"showFlares":true,"showImageEffects":true,"showParticleSystems":true},"in2DMode":false,"pivot":{"x":23.723814010620118,"y":61.6935920715332,"z":-26.58554458618164},"rotation":{"x":0.43811020255088808,"y":0.5193530917167664,"z":-0.35409829020500185,"w":0.6430579423904419},"size":55.49359893798828,"orthographic":false}