{"cameraMode":{"drawMode":0,"name":"Shaded","section":"Shading Mode"},"sceneLighting":true,"audioPlay":false,"sceneViewState":{"showFog":true,"showMaterialUpdate":true,"showSkybox":true,"showFlares":true,"showImageEffects":true,"showParticleSystems":true},"in2DMode":false,"pivot":{"x":-16.317794799804689,"y":-9.185354232788086,"z":24.65907859802246},"rotation":{"x":-0.18337109684944154,"y":0.286385715007782,"z":-0.05593748390674591,"w":-0.9387810230255127},"size":36.10246276855469,"orthographic":false}