{"cameraMode":{"drawMode":0,"name":"Shaded","section":"Shading Mode"},"sceneLighting":false,"audioPlay":false,"sceneViewState":{"showFog":true,"showMaterialUpdate":true,"showSkybox":true,"showFlares":true,"showImageEffects":true,"showParticleSystems":true},"in2DMode":false,"pivot":{"x":-19.86452293395996,"y":131.40513610839845,"z":-87.71836853027344},"rotation":{"x":-0.06905995309352875,"y":-0.9180346131324768,"z":0.17134827375411988,"w":-0.3577415645122528},"size":3.1349985599517824,"orthographic":false}