{"cameraMode":{"drawMode":0,"name":"Shaded","section":"Shading Mode"},"sceneLighting":true,"audioPlay":false,"sceneViewState":{"showFog":true,"showMaterialUpdate":true,"showSkybox":true,"showFlares":true,"showImageEffects":true,"showParticleSystems":true},"in2DMode":false,"pivot":{"x":-4.663537502288818,"y":-199.0981903076172,"z":-204.54067993164063},"rotation":{"x":-0.14761368930339814,"y":0.8461605906486511,"z":-0.37915799021720889,"w":-0.3473568558692932},"size":221.47796630859376,"orthographic":false}