{"cameraMode":{"drawMode":0,"name":"Shaded","section":"Shading Mode"},"sceneLighting":true,"audioPlay":false,"sceneViewState":{"showFog":true,"showMaterialUpdate":true,"showSkybox":true,"showFlares":true,"showImageEffects":true,"showParticleSystems":true},"in2DMode":false,"pivot":{"x":300.4975280761719,"y":-212.25436401367188,"z":-120.33230590820313},"rotation":{"x":0.07173901051282883,"y":-0.5497703552246094,"z":0.05032700300216675,"w":0.8321760892868042},"size":47.45120620727539,"orthographic":false}