{"cameraMode":{"drawMode":0,"name":"Shaded","section":"Shading Mode"},"sceneLighting":true,"audioPlay":false,"sceneViewState":{"showFog":true,"showMaterialUpdate":true,"showSkybox":true,"showFlares":true,"showImageEffects":true,"showParticleSystems":true},"in2DMode":false,"pivot":{"x":2.646073341369629,"y":0.24187994003295899,"z":-15.204422950744629},"rotation":{"x":-0.036582641303539279,"y":-0.9158331155776978,"z":0.08602213114500046,"w":-0.3906804621219635},"size":24.259305953979493,"orthographic":false}