{"cameraMode":{"drawMode":0,"name":"Shaded","section":"Shading Mode"},"sceneLighting":false,"audioPlay":false,"sceneViewState":{"showFog":true,"showMaterialUpdate":true,"showSkybox":false,"showFlares":true,"showImageEffects":true,"showParticleSystems":true},"in2DMode":false,"pivot":{"x":-1.2770805358886719,"y":-17.123966217041017,"z":32.980926513671878},"rotation":{"x":0.22463901340961457,"y":0.6096081137657166,"z":-0.18582165241241456,"w":0.737280011177063},"size":8.264812469482422,"orthographic":false}