{"cameraMode":{"drawMode":0,"name":"Shaded","section":"Shading Mode"},"sceneLighting":false,"audioPlay":false,"sceneViewState":{"showFog":true,"showMaterialUpdate":true,"showSkybox":true,"showFlares":true,"showImageEffects":true,"showParticleSystems":true},"in2DMode":false,"pivot":{"x":-118.48385620117188,"y":146.81324768066407,"z":37.70073318481445},"rotation":{"x":0.027536185458302499,"y":0.592991292476654,"z":-0.021351270377635957,"w":0.8072489500045776},"size":3.299579381942749,"orthographic":false}