{"cameraMode":{"drawMode":0,"name":"Shaded","section":"Shading Mode"},"sceneLighting":true,"audioPlay":false,"sceneViewState":{"showFog":true,"showMaterialUpdate":true,"showSkybox":true,"showFlares":true,"showImageEffects":true,"showParticleSystems":true},"in2DMode":false,"pivot":{"x":65.09358215332031,"y":225.0643768310547,"z":-159.40216064453126},"rotation":{"x":-0.03457712382078171,"y":0.828579843044281,"z":0.07616598904132843,"w":0.556808590888977},"size":116.0751953125,"orthographic":false}