{"cameraMode":{"drawMode":0,"name":"Shaded","section":"Shading Mode"},"sceneLighting":true,"audioPlay":false,"sceneViewState":{"showFog":true,"showMaterialUpdate":true,"showSkybox":true,"showFlares":true,"showImageEffects":true,"showParticleSystems":true},"in2DMode":false,"pivot":{"x":68.68389129638672,"y":8.816848754882813,"z":-23.750818252563478},"rotation":{"x":-0.1377863734960556,"y":0.39555126428604128,"z":-0.06013301759958267,"w":-0.9061241149902344},"size":0.13500076532363892,"orthographic":false}