{"cameraMode":{"drawMode":0,"name":"Shaded","section":"Shading Mode"},"sceneLighting":true,"audioPlay":false,"sceneViewState":{"showFog":true,"showMaterialUpdate":true,"showSkybox":true,"showFlares":true,"showImageEffects":true,"showParticleSystems":true},"in2DMode":false,"pivot":{"x":98.07750701904297,"y":334.14892578125,"z":-181.06375122070313},"rotation":{"x":-0.42476537823677065,"y":0.05138486996293068,"z":-0.02249836176633835,"w":-0.9039433002471924},"size":1008.625732421875,"orthographic":false}