{"cameraMode":{"drawMode":0,"name":"Shaded","section":"Shading Mode"},"sceneLighting":false,"audioPlay":false,"sceneViewState":{"showFog":true,"showMaterialUpdate":true,"showSkybox":true,"showFlares":true,"showImageEffects":true,"showParticleSystems":true},"in2DMode":false,"pivot":{"x":-125.93911743164063,"y":-300.8836364746094,"z":-302.2606201171875},"rotation":{"x":-0.41792622208595278,"y":0.5359649062156677,"z":-0.33948200941085818,"w":-0.6534090638160706},"size":320.7147521972656,"orthographic":false}