{"cameraMode":{"drawMode":0,"name":"Shaded","section":"Shading Mode"},"sceneLighting":false,"audioPlay":false,"sceneViewState":{"showFog":true,"showMaterialUpdate":true,"showSkybox":false,"showFlares":true,"showImageEffects":true,"showParticleSystems":true},"in2DMode":false,"pivot":{"x":-87.16273498535156,"y":24.350000381469728,"z":-127.11489868164063},"rotation":{"x":0.16496989130973817,"y":-0.5340325236320496,"z":0.10714245587587357,"w":0.8222644925117493},"size":3.135007619857788,"orthographic":false}