{"cameraMode":{"drawMode":0,"name":"Shaded","section":"Shading Mode"},"sceneLighting":false,"audioPlay":false,"sceneViewState":{"showFog":true,"showMaterialUpdate":true,"showSkybox":false,"showFlares":true,"showImageEffects":true,"showParticleSystems":true},"in2DMode":false,"pivot":{"x":994.1072998046875,"y":483.6169128417969,"z":536.3875122070313},"rotation":{"x":0.05496491491794586,"y":-0.13587602972984315,"z":0.007513517048209906,"w":0.9892404675483704},"size":1565.3544921875,"orthographic":false}