{"cameraMode":{"drawMode":0,"name":"Shaded","section":"Shading Mode"},"sceneLighting":true,"audioPlay":false,"sceneViewState":{"showFog":true,"showMaterialUpdate":true,"showSkybox":true,"showFlares":true,"showImageEffects":true,"showParticleSystems":true},"in2DMode":false,"pivot":{"x":-18.55568504333496,"y":198.712158203125,"z":538.8591918945313},"rotation":{"x":0.12195053696632385,"y":0.7598275542259216,"z":-0.1491881161928177,"w":0.6217417120933533},"size":3.135004758834839,"orthographic":false}