{"cameraMode":{"drawMode":0,"name":"Shaded","section":"Shading Mode"},"sceneLighting":false,"audioPlay":false,"sceneViewState":{"showFog":true,"showMaterialUpdate":true,"showSkybox":true,"showFlares":true,"showImageEffects":true,"showParticleSystems":true},"in2DMode":false,"pivot":{"x":897.8816528320313,"y":-530.2117919921875,"z":-55.05427551269531},"rotation":{"x":0.007836714386940003,"y":-0.5560899376869202,"z":0.007171854376792908,"w":0.8331692218780518},"size":40.64515686035156,"orthographic":false}