{"cameraMode":{"drawMode":0,"name":"Shaded","section":"Shading Mode"},"sceneLighting":true,"audioPlay":false,"sceneViewState":{"showFog":true,"showMaterialUpdate":true,"showSkybox":true,"showFlares":true,"showImageEffects":true,"showParticleSystems":true},"in2DMode":false,"pivot":{"x":-89.05501556396485,"y":24.033931732177736,"z":-126.21239471435547},"rotation":{"x":0.16496989130973817,"y":-0.5340325236320496,"z":0.10714245587587357,"w":0.8222644925117493},"size":7.581689834594727,"orthographic":false}