{"cameraMode":{"drawMode":0,"name":"Shaded","section":"Shading Mode"},"sceneLighting":true,"audioPlay":false,"sceneViewState":{"showFog":true,"showMaterialUpdate":true,"showSkybox":true,"showFlares":true,"showImageEffects":true,"showParticleSystems":true},"in2DMode":false,"pivot":{"x":-276.4766540527344,"y":241.5792236328125,"z":-31.491374969482423},"rotation":{"x":-0.14381299912929536,"y":-0.803734302520752,"z":0.2775416374206543,"w":-0.5106292366981506},"size":20.20829200744629,"orthographic":false}