{"cameraMode":{"drawMode":0,"name":"Shaded","section":"Shading Mode"},"sceneLighting":true,"audioPlay":false,"sceneViewState":{"showFog":true,"showMaterialUpdate":true,"showSkybox":true,"showFlares":true,"showImageEffects":true,"showParticleSystems":true},"in2DMode":false,"pivot":{"x":195.8795166015625,"y":-720.0165405273438,"z":21.47371482849121},"rotation":{"x":-0.21695832908153535,"y":-0.10908370465040207,"z":0.027921630069613458,"w":-0.9711394309997559},"size":82.9999008178711,"orthographic":false}