{"cameraMode":{"drawMode":0,"name":"Shaded","section":"Shading Mode"},"sceneLighting":true,"audioPlay":false,"sceneViewState":{"showFog":true,"showMaterialUpdate":true,"showSkybox":true,"showFlares":true,"showImageEffects":true,"showParticleSystems":true},"in2DMode":false,"pivot":{"x":17.972909927368165,"y":33.332645416259769,"z":-24.418928146362306},"rotation":{"x":0.1615508645772934,"y":0.42397162318229678,"z":-0.07718482613563538,"w":0.8878774642944336},"size":35.633644104003909,"orthographic":false}