{"cameraMode":{"drawMode":0,"name":"Shaded","section":"Shading Mode"},"sceneLighting":true,"audioPlay":false,"sceneViewState":{"showFog":true,"showMaterialUpdate":true,"showSkybox":true,"showFlares":true,"showImageEffects":true,"showParticleSystems":true},"in2DMode":false,"pivot":{"x":30.787090301513673,"y":-21.676660537719728,"z":-273.49298095703127},"rotation":{"x":0.29247376322746279,"y":-0.657415509223938,"z":0.2593564987182617,"w":0.6479251384735107},"size":1070.55126953125,"orthographic":false}