{"cameraMode":{"drawMode":0,"name":"Shaded","section":"Shading Mode"},"sceneLighting":true,"audioPlay":false,"sceneViewState":{"showFog":true,"showMaterialUpdate":true,"showSkybox":true,"showFlares":true,"showImageEffects":true,"showParticleSystems":true},"in2DMode":false,"pivot":{"x":-1627.2420654296875,"y":109.94600677490235,"z":3658.337646484375},"rotation":{"x":0.11280389875173569,"y":-0.6660061478614807,"z":0.10252348333597183,"w":0.7304655313491821},"size":6533.5009765625,"orthographic":false}