{"cameraMode":{"drawMode":0,"name":"Shaded","section":"Shading Mode"},"sceneLighting":true,"audioPlay":false,"sceneViewState":{"showFog":true,"showMaterialUpdate":true,"showSkybox":true,"showFlares":true,"showImageEffects":true,"showParticleSystems":true},"in2DMode":false,"pivot":{"x":283.7454833984375,"y":255.8253173828125,"z":-108.06678009033203},"rotation":{"x":-0.2299642264842987,"y":-0.5737094879150391,"z":0.1774452179670334,"w":-0.7674926519393921},"size":163.9651336669922,"orthographic":false}