{"cameraMode":{"drawMode":0,"name":"Shaded","section":"Shading Mode"},"sceneLighting":true,"audioPlay":false,"sceneViewState":{"showFog":true,"showMaterialUpdate":true,"showSkybox":true,"showFlares":true,"showImageEffects":true,"showParticleSystems":true},"in2DMode":false,"pivot":{"x":-21.01433753967285,"y":129.78736877441407,"z":-221.28794860839845},"rotation":{"x":0.16640664637088777,"y":0.8226933479309082,"z":-0.3083030879497528,"w":0.44968855381011965},"size":3.1349985599517824,"orthographic":false}